Country Name,Country Code,Indicator Name,Indicator Code,2018,2019,growth
Aruba,ABW,"GDP per capita, PPP (current international $)",NY.GDP.PCAP.PP.CD,,,
Afghanistan,AFG,"GDP per capita, PPP (current international $)",NY.GDP.PCAP.PP.CD,2083.321897,2156.419482,0.035087033
Angola,AGO,"GDP per capita, PPP (current international $)",NY.GDP.PCAP.PP.CD,7102.405887,6965.511374,-0.019274386
Albania,ALB,"GDP per capita, PPP (current international $)",NY.GDP.PCAP.PP.CD,13546.47379,14224.09807,0.05002219
Andorra,AND,"GDP per capita, PPP (current international $)",NY.GDP.PCAP.PP.CD,,,
Arab World,ARB,"GDP per capita, PPP (current international $)",NY.GDP.PCAP.PP.CD,14985.31584,15256.339,0.018085916
United Arab Emirates,ARE,"GDP per capita, PPP (current international $)",NY.GDP.PCAP.PP.CD,68599.61818,70089.32404,0.02171595
Argentina,ARG,"GDP per capita, PPP (current international $)",NY.GDP.PCAP.PP.CD,23313.81794,23040.28795,-0.011732527
Armenia,ARM,"GDP per capita, PPP (current international $)",NY.GDP.PCAP.PP.CD,13024.69481,14257.96249,0.094686877
American Samoa,ASM,"GDP per capita, PPP (current international $)",NY.GDP.PCAP.PP.CD,,,
Antigua and Barbuda,ATG,"GDP per capita, PPP (current international $)",NY.GDP.PCAP.PP.CD,21630.17951,22879.76609,0.057770514
Australia,AUS,"GDP per capita, PPP (current international $)",NY.GDP.PCAP.PP.CD,50252.84046,52203.13229,0.038809584
Austria,AUT,"GDP per capita, PPP (current international $)",NY.GDP.PCAP.PP.CD,57050.35135,58649.66831,0.028033429
Azerbaijan,AZE,"GDP per capita, PPP (current international $)",NY.GDP.PCAP.PP.CD,14555.79673,15039.80932,0.033252222
Burundi,BDI,"GDP per capita, PPP (current international $)",NY.GDP.PCAP.PP.CD,780.0749372,784.9269887,0.006219981
Belgium,BEL,"GDP per capita, PPP (current international $)",NY.GDP.PCAP.PP.CD,52668.17244,54628.09781,0.037212709
Benin,BEN,"GDP per capita, PPP (current international $)",NY.GDP.PCAP.PP.CD,3237.773682,3432.7813,0.060228922
Burkina Faso,BFA,"GDP per capita, PPP (current international $)",NY.GDP.PCAP.PP.CD,2171.973966,2274.719736,0.047305249
Bangladesh,BGD,"GDP per capita, PPP (current international $)",NY.GDP.PCAP.PP.CD,4549.617646,4964.091389,0.091100786
Bulgaria,BGR,"GDP per capita, PPP (current international $)",NY.GDP.PCAP.PP.CD,22911.0809,24579.11927,0.072804875
Bahrain,BHR,"GDP per capita, PPP (current international $)",NY.GDP.PCAP.PP.CD,47353.11838,47002.54934,-0.007403294
"Bahamas, The",BHS,"GDP per capita, PPP (current international $)",NY.GDP.PCAP.PP.CD,37921.31116,38742.54575,0.021656282
Bosnia and Herzegovina,BIH,"GDP per capita, PPP (current international $)",NY.GDP.PCAP.PP.CD,14916.79791,15817.15518,0.060358616
Belarus,BLR,"GDP per capita, PPP (current international $)",NY.GDP.PCAP.PP.CD,19345.28019,20101.11505,0.039070763
Belize,BLZ,"GDP per capita, PPP (current international $)",NY.GDP.PCAP.PP.CD,7291.734632,7314.631992,0.00314018
Bermuda,BMU,"GDP per capita, PPP (current international $)",NY.GDP.PCAP.PP.CD,83404.2745,85272.21347,0.022396202
Bolivia,BOL,"GDP per capita, PPP (current international $)",NY.GDP.PCAP.PP.CD,8866.378834,9110.55582,0.027539652
Brazil,BRA,"GDP per capita, PPP (current international $)",NY.GDP.PCAP.PP.CD,14951.811,15299.98726,0.023286561
Barbados,BRB,"GDP per capita, PPP (current international $)",NY.GDP.PCAP.PP.CD,16056.68927,16330.88768,0.017076896
Brunei Darussalam,BRN,"GDP per capita, PPP (current international $)",NY.GDP.PCAP.PP.CD,61859.97791,64847.65174,0.048297363
Bhutan,BTN,"GDP per capita, PPP (current international $)",NY.GDP.PCAP.PP.CD,11624.92103,12355.79357,0.062871183
Botswana,BWA,"GDP per capita, PPP (current international $)",NY.GDP.PCAP.PP.CD,18063.76393,18552.75326,0.027070179
Central African Republic,CAF,"GDP per capita, PPP (current international $)",NY.GDP.PCAP.PP.CD,955.840117,986.6808967,0.032265626
Canada,CAN,"GDP per capita, PPP (current international $)",NY.GDP.PCAP.PP.CD,50075.34418,50510.74762,0.008694966
Central Europe and the Baltics,CEB,"GDP per capita, PPP (current international $)",NY.GDP.PCAP.PP.CD,31908.22384,34113.57181,0.069115347
Switzerland,CHE,"GDP per capita, PPP (current international $)",NY.GDP.PCAP.PP.CD,68709.44418,70276.55474,0.02280779
Channel Islands,CHI,"GDP per capita, PPP (current international $)",NY.GDP.PCAP.PP.CD,,,
Chile,CHL,"GDP per capita, PPP (current international $)",NY.GDP.PCAP.PP.CD,24797.56665,26247.38164,0.058466018
China,CHN,"GDP per capita, PPP (current international $)",NY.GDP.PCAP.PP.CD,15614.30528,16804.42578,0.076219882
Cote d'Ivoire,CIV,"GDP per capita, PPP (current international $)",NY.GDP.PCAP.PP.CD,5156.093849,5443.224839,0.055687697
Cameroon,CMR,"GDP per capita, PPP (current international $)",NY.GDP.PCAP.PP.CD,3691.334293,3803.45724,0.030374639
"Congo, Dem. Rep.",COD,"GDP per capita, PPP (current international $)",NY.GDP.PCAP.PP.CD,1112.346092,1146.535867,0.030736634
"Congo, Rep.",COG,"GDP per capita, PPP (current international $)",NY.GDP.PCAP.PP.CD,4002.113076,3835.662582,-0.041590652
Colombia,COL,"GDP per capita, PPP (current international $)",NY.GDP.PCAP.PP.CD,14837.90092,15630.07521,0.053388569
Comoros,COM,"GDP per capita, PPP (current international $)",NY.GDP.PCAP.PP.CD,3141.546075,3194.900748,0.016983572
Cabo Verde,CPV,"GDP per capita, PPP (current international $)",NY.GDP.PCAP.PP.CD,7031.358188,7489.211503,0.065115914
Costa Rica,CRI,"GDP per capita, PPP (current international $)",NY.GDP.PCAP.PP.CD,20394.22609,21059.91753,0.032641172
Caribbean small states,CSS,"GDP per capita, PPP (current international $)",NY.GDP.PCAP.PP.CD,16165.56583,16550.85909,0.023834196
Cuba,CUB,"GDP per capita, PPP (current international $)",NY.GDP.PCAP.PP.CD,,,
Curacao,CUW,"GDP per capita, PPP (current international $)",NY.GDP.PCAP.PP.CD,25665.23295,25578.27924,-0.003387996
Cayman Islands,CYM,"GDP per capita, PPP (current international $)",NY.GDP.PCAP.PP.CD,73292.28282,,
Cyprus,CYP,"GDP per capita, PPP (current international $)",NY.GDP.PCAP.PP.CD,39737.32519,41254.40459,0.038177693
Czech Republic,CZE,"GDP per capita, PPP (current international $)",NY.GDP.PCAP.PP.CD,41127.25405,43004.52847,0.045645508
Germany,DEU,"GDP per capita, PPP (current international $)",NY.GDP.PCAP.PP.CD,54954.84675,55891.20361,0.017038658
Djibouti,DJI,"GDP per capita, PPP (current international $)",NY.GDP.PCAP.PP.CD,5341.103794,5779.675765,0.08211261
Dominica,DMA,"GDP per capita, PPP (current international $)",NY.GDP.PCAP.PP.CD,11818.22608,12444.44114,0.05298723
Denmark,DNK,"GDP per capita, PPP (current international $)",NY.GDP.PCAP.PP.CD,57462.77601,60334.80863,0.04998075
Dominican Republic,DOM,"GDP per capita, PPP (current international $)",NY.GDP.PCAP.PP.CD,18143.22448,19227.7156,0.059773891
Algeria,DZA,"GDP per capita, PPP (current international $)",NY.GDP.PCAP.PP.CD,11925.79856,12019.92836,0.007892956
East Asia & Pacific (excluding high income),EAP,"GDP per capita, PPP (current international $)",NY.GDP.PCAP.PP.CD,14060.24819,15054.77888,0.070733509
Early-demographic dividend,EAR,"GDP per capita, PPP (current international $)",NY.GDP.PCAP.PP.CD,9409.499965,9693.772411,0.030211217
East Asia & Pacific,EAS,"GDP per capita, PPP (current international $)",NY.GDP.PCAP.PP.CD,17429.94956,18400.41312,0.055677933
Europe & Central Asia (excluding high income),ECA,"GDP per capita, PPP (current international $)",NY.GDP.PCAP.PP.CD,22224.71761,22573.80419,0.015707132
Europe & Central Asia,ECS,"GDP per capita, PPP (current international $)",NY.GDP.PCAP.PP.CD,35684.48294,36790.00554,0.030980485
Ecuador,ECU,"GDP per capita, PPP (current international $)",NY.GDP.PCAP.PP.CD,11843.39364,11878.71836,0.002982652
"Egypt, Arab Rep.",EGY,"GDP per capita, PPP (current international $)",NY.GDP.PCAP.PP.CD,11643.2205,12283.80737,0.055018014
Euro area,EMU,"GDP per capita, PPP (current international $)",NY.GDP.PCAP.PP.CD,47551.78994,49207.8347,0.034826129
Eritrea,ERI,"GDP per capita, PPP (current international $)",NY.GDP.PCAP.PP.CD,,,
Spain,ESP,"GDP per capita, PPP (current international $)",NY.GDP.PCAP.PP.CD,40720.1908,42185.58612,0.035986946
Estonia,EST,"GDP per capita, PPP (current international $)",NY.GDP.PCAP.PP.CD,36326.79823,38819.33903,0.068614382
Ethiopia,ETH,"GDP per capita, PPP (current international $)",NY.GDP.PCAP.PP.CD,2154.754605,2319.707378,0.076552927
European Union,EUU,"GDP per capita, PPP (current international $)",NY.GDP.PCAP.PP.CD,44637.55854,46442.77617,0.040441675
Fragile and conflict affected situations,FCS,"GDP per capita, PPP (current international $)",NY.GDP.PCAP.PP.CD,4893.471932,4982.458801,0.018184812
Finland,FIN,"GDP per capita, PPP (current international $)",NY.GDP.PCAP.PP.CD,49748.32655,51619.82957,0.037619417
Fiji,FJI,"GDP per capita, PPP (current international $)",NY.GDP.PCAP.PP.CD,14183.5639,14289.9605,0.007501401
France,FRA,"GDP per capita, PPP (current international $)",NY.GDP.PCAP.PP.CD,46663.60855,49519.29673,0.061197328
Faroe Islands,FRO,"GDP per capita, PPP (current international $)",NY.GDP.PCAP.PP.CD,,,
"Micronesia, Fed. Sts.",FSM,"GDP per capita, PPP (current international $)",NY.GDP.PCAP.PP.CD,3547.975116,,
Gabon,GAB,"GDP per capita, PPP (current international $)",NY.GDP.PCAP.PP.CD,15103.60903,15611.64862,0.033636966
United Kingdom,GBR,"GDP per capita, PPP (current international $)",NY.GDP.PCAP.PP.CD,47201.17913,48484.27286,0.02718351
Georgia,GEO,"GDP per capita, PPP (current international $)",NY.GDP.PCAP.PP.CD,14604.38444,15656.60395,0.072048193
Ghana,GHA,"GDP per capita, PPP (current international $)",NY.GDP.PCAP.PP.CD,5320.975634,5652.150608,0.062239521
Gibraltar,GIB,"GDP per capita, PPP (current international $)",NY.GDP.PCAP.PP.CD,,,
Guinea,GIN,"GDP per capita, PPP (current international $)",NY.GDP.PCAP.PP.CD,2556.773681,2675.461571,0.04642096
"Gambia, The",GMB,"GDP per capita, PPP (current international $)",NY.GDP.PCAP.PP.CD,2210.638673,2321.237748,0.050030372
Guinea-Bissau,GNB,"GDP per capita, PPP (current international $)",NY.GDP.PCAP.PP.CD,1996.659573,2077.401669,0.040438589
Equatorial Guinea,GNQ,"GDP per capita, PPP (current international $)",NY.GDP.PCAP.PP.CD,20855.81136,19379.24247,-0.070798919
Greece,GRC,"GDP per capita, PPP (current international $)",NY.GDP.PCAP.PP.CD,30504.40362,31562.59377,0.03468975
Grenada,GRD,"GDP per capita, PPP (current international $)",NY.GDP.PCAP.PP.CD,17210.47906,17792.90864,0.033841567
Greenland,GRL,"GDP per capita, PPP (current international $)",NY.GDP.PCAP.PP.CD,,,
Guatemala,GTM,"GDP per capita, PPP (current international $)",NY.GDP.PCAP.PP.CD,8654.268548,9019.693804,0.042224857
Guam,GUM,"GDP per capita, PPP (current international $)",NY.GDP.PCAP.PP.CD,,,
Guyana,GUY,"GDP per capita, PPP (current international $)",NY.GDP.PCAP.PP.CD,12781.57994,13661.28025,0.068825631
High income,HIC,"GDP per capita, PPP (current international $)",NY.GDP.PCAP.PP.CD,50334.11473,51920.85487,0.031524149
"Hong Kong SAR, China",HKG,"GDP per capita, PPP (current international $)",NY.GDP.PCAP.PP.CD,62551.05859,62495.95994,-0.000880859
Honduras,HND,"GDP per capita, PPP (current international $)",NY.GDP.PCAP.PP.CD,5810.429508,5981.450892,0.029433518
Heavily indebted poor countries (HIPC),HPC,"GDP per capita, PPP (current international $)",NY.GDP.PCAP.PP.CD,2574.386992,2663.068098,0.034447465
Croatia,HRV,"GDP per capita, PPP (current international $)",NY.GDP.PCAP.PP.CD,28554.38351,30246.0493,0.059243646
Haiti,HTI,"GDP per capita, PPP (current international $)",NY.GDP.PCAP.PP.CD,3065.205078,3034.01211,-0.01017647
Hungary,HUN,"GDP per capita, PPP (current international $)",NY.GDP.PCAP.PP.CD,31829.54915,33949.63456,0.06660746
IBRD only,IBD,"GDP per capita, PPP (current international $)",NY.GDP.PCAP.PP.CD,13347.07297,13976.26538,0.047140853
IDA & IBRD total,IBT,"GDP per capita, PPP (current international $)",NY.GDP.PCAP.PP.CD,10915.70035,11391.24961,0.043565621
IDA total,IDA,"GDP per capita, PPP (current international $)",NY.GDP.PCAP.PP.CD,3859.15499,3995.889922,0.035431314
IDA blend,IDB,"GDP per capita, PPP (current international $)",NY.GDP.PCAP.PP.CD,4987.538791,5080.115486,0.018561599
Indonesia,IDN,"GDP per capita, PPP (current international $)",NY.GDP.PCAP.PP.CD,11648.54267,12334.91727,0.058923646
IDA only,IDX,"GDP per capita, PPP (current international $)",NY.GDP.PCAP.PP.CD,3297.089585,3462.725355,0.050236964
Isle of Man,IMN,"GDP per capita, PPP (current international $)",NY.GDP.PCAP.PP.CD,,,
India,IND,"GDP per capita, PPP (current international $)",NY.GDP.PCAP.PP.CD,6655.06986,6996.556927,0.051312319
Not classified,INX,"GDP per capita, PPP (current international $)",NY.GDP.PCAP.PP.CD,,,
Ireland,IRL,"GDP per capita, PPP (current international $)",NY.GDP.PCAP.PP.CD,84145.05693,87217.3494,0.036511859
"Iran, Islamic Rep.",IRN,"GDP per capita, PPP (current international $)",NY.GDP.PCAP.PP.CD,13800.02347,12937.47598,-0.062503335
Iraq,IRQ,"GDP per capita, PPP (current international $)",NY.GDP.PCAP.PP.CD,10919.77262,11362.69148,0.04056118
Iceland,ISL,"GDP per capita, PPP (current international $)",NY.GDP.PCAP.PP.CD,57141.92532,58512.65334,0.023988132
Israel,ISR,"GDP per capita, PPP (current international $)",NY.GDP.PCAP.PP.CD,40357.50742,41947.59009,0.039399923
Italy,ITA,"GDP per capita, PPP (current international $)",NY.GDP.PCAP.PP.CD,43111.36655,44395.1071,0.029777311
Jamaica,JAM,"GDP per capita, PPP (current international $)",NY.GDP.PCAP.PP.CD,9975.199073,10193.46952,0.021881312
Jordan,JOR,"GDP per capita, PPP (current international $)",NY.GDP.PCAP.PP.CD,10266.917,10517.06703,0.024364669
Japan,JPN,"GDP per capita, PPP (current international $)",NY.GDP.PCAP.PP.CD,41695.63794,42338.02694,0.015406624
Kazakhstan,KAZ,"GDP per capita, PPP (current international $)",NY.GDP.PCAP.PP.CD,26166.60548,27517.93845,0.051643419
Kenya,KEN,"GDP per capita, PPP (current international $)",NY.GDP.PCAP.PP.CD,4306.206985,4521.479151,0.049991133
Kyrgyz Republic,KGZ,"GDP per capita, PPP (current international $)",NY.GDP.PCAP.PP.CD,5258.195592,5486.15509,0.04335318
Cambodia,KHM,"GDP per capita, PPP (current international $)",NY.GDP.PCAP.PP.CD,4260.658965,4583.016451,0.075659068
Kiribati,KIR,"GDP per capita, PPP (current international $)",NY.GDP.PCAP.PP.CD,2310.664853,2372.451355,0.026739707
St. Kitts and Nevis,KNA,"GDP per capita, PPP (current international $)",NY.GDP.PCAP.PP.CD,26532.46569,27608.13499,0.040541626
"Korea, Rep.",KOR,"GDP per capita, PPP (current international $)",NY.GDP.PCAP.PP.CD,42487.04195,42727.95076,0.005670171
Kuwait,KWT,"GDP per capita, PPP (current international $)",NY.GDP.PCAP.PP.CD,51708.25361,52059.72331,0.006797168
Latin America & Caribbean (excluding high income),LAC,"GDP per capita, PPP (current international $)",NY.GDP.PCAP.PP.CD,15981.76382,16290.01637,0.019287768
Lao PDR,LAO,"GDP per capita, PPP (current international $)",NY.GDP.PCAP.PP.CD,7777.781032,8172.726088,0.050778629
Lebanon,LBN,"GDP per capita, PPP (current international $)",NY.GDP.PCAP.PP.CD,15992.32109,15195.52968,-0.049823375
Liberia,LBR,"GDP per capita, PPP (current international $)",NY.GDP.PCAP.PP.CD,1533.471534,1491.003696,-0.02769392
Libya,LBY,"GDP per capita, PPP (current international $)",NY.GDP.PCAP.PP.CD,15383.82758,15845.65993,0.03002064
St. Lucia,LCA,"GDP per capita, PPP (current international $)",NY.GDP.PCAP.PP.CD,15633.21742,16132.41452,0.031931821
Latin America & Caribbean,LCN,"GDP per capita, PPP (current international $)",NY.GDP.PCAP.PP.CD,16545.51567,16900.79213,0.021472674
Least developed countries: UN classification,LDC,"GDP per capita, PPP (current international $)",NY.GDP.PCAP.PP.CD,2992.225239,3129.562318,0.045897975
Low income,LIC,"GDP per capita, PPP (current international $)",NY.GDP.PCAP.PP.CD,2409.800047,2497.13908,0.03624327
Liechtenstein,LIE,"GDP per capita, PPP (current international $)",NY.GDP.PCAP.PP.CD,,,
Sri Lanka,LKA,"GDP per capita, PPP (current international $)",NY.GDP.PCAP.PP.CD,13177.9884,13656.83704,0.036337006
Lower middle income,LMC,"GDP per capita, PPP (current international $)",NY.GDP.PCAP.PP.CD,6527.655847,6829.833611,0.046291926
Low & middle income,LMY,"GDP per capita, PPP (current international $)",NY.GDP.PCAP.PP.CD,10632.60406,11088.04544,0.042834415
Lesotho,LSO,"GDP per capita, PPP (current international $)",NY.GDP.PCAP.PP.CD,2815.498324,2824.092478,0.003052445
Late-demographic dividend,LTE,"GDP per capita, PPP (current international $)",NY.GDP.PCAP.PP.CD,17246.93764,18252.44703,0.058300749
Lithuania,LTU,"GDP per capita, PPP (current international $)",NY.GDP.PCAP.PP.CD,36346.39753,38756.11035,0.066298533
Luxembourg,LUX,"GDP per capita, PPP (current international $)",NY.GDP.PCAP.PP.CD,116644.8481,120962.1878,0.037012691
Latvia,LVA,"GDP per capita, PPP (current international $)",NY.GDP.PCAP.PP.CD,30799.42842,32047.34569,0.040517546
"Macao SAR, China",MAC,"GDP per capita, PPP (current international $)",NY.GDP.PCAP.PP.CD,135121.4393,129451.0639,-0.041965031
St. Martin (French part),MAF,"GDP per capita, PPP (current international $)",NY.GDP.PCAP.PP.CD,,,
Morocco,MAR,"GDP per capita, PPP (current international $)",NY.GDP.PCAP.PP.CD,7613.142868,7826.167677,0.027981192
Monaco,MCO,"GDP per capita, PPP (current international $)",NY.GDP.PCAP.PP.CD,,,
Moldova,MDA,"GDP per capita, PPP (current international $)",NY.GDP.PCAP.PP.CD,12664.31333,13598.26124,0.073746431
Madagascar,MDG,"GDP per capita, PPP (current international $)",NY.GDP.PCAP.PP.CD,1652.399771,1719.906013,0.040853456
Maldives,MDV,"GDP per capita, PPP (current international $)",NY.GDP.PCAP.PP.CD,19253.68849,20395.49424,0.059303221
Middle East & North Africa,MEA,"GDP per capita, PPP (current international $)",NY.GDP.PCAP.PP.CD,16887.7097,17036.65298,0.008819626
Mexico,MEX,"GDP per capita, PPP (current international $)",NY.GDP.PCAP.PP.CD,20257.82513,20447.88507,0.009382051
Marshall Islands,MHL,"GDP per capita, PPP (current international $)",NY.GDP.PCAP.PP.CD,3983.327675,,
Middle income,MIC,"GDP per capita, PPP (current international $)",NY.GDP.PCAP.PP.CD,11583.75668,12097.88766,0.044383786
North Macedonia,MKD,"GDP per capita, PPP (current international $)",NY.GDP.PCAP.PP.CD,16671.67332,17583.43716,0.054689402
Mali,MLI,"GDP per capita, PPP (current international $)",NY.GDP.PCAP.PP.CD,2339.341417,2424.330872,0.036330505
Malta,MLT,"GDP per capita, PPP (current international $)",NY.GDP.PCAP.PP.CD,44141.30553,46071.33315,0.043723845
Myanmar,MMR,"GDP per capita, PPP (current international $)",NY.GDP.PCAP.PP.CD,5151.691817,5369.707495,0.042319239
Middle East & North Africa (excluding high income),MNA,"GDP per capita, PPP (current international $)",NY.GDP.PCAP.PP.CD,11054.39386,11123.53261,0.006254413
Montenegro,MNE,"GDP per capita, PPP (current international $)",NY.GDP.PCAP.PP.CD,21547.25877,23343.98824,0.083385524
Mongolia,MNG,"GDP per capita, PPP (current international $)",NY.GDP.PCAP.PP.CD,12205.84304,12861.83656,0.053744221
Northern Mariana Islands,MNP,"GDP per capita, PPP (current international $)",NY.GDP.PCAP.PP.CD,,,
Mozambique,MOZ,"GDP per capita, PPP (current international $)",NY.GDP.PCAP.PP.CD,1321.156045,1338.096666,0.012822574
Mauritania,MRT,"GDP per capita, PPP (current international $)",NY.GDP.PCAP.PP.CD,5165.256707,5427.058242,0.050685097
Mauritius,MUS,"GDP per capita, PPP (current international $)",NY.GDP.PCAP.PP.CD,22749.12878,23882.35427,0.049814017
Malawi,MWI,"GDP per capita, PPP (current international $)",NY.GDP.PCAP.PP.CD,1067.92233,1106.618935,0.036235411
Malaysia,MYS,"GDP per capita, PPP (current international $)",NY.GDP.PCAP.PP.CD,28228.95945,29619.68727,0.049265997
North America,NAC,"GDP per capita, PPP (current international $)",NY.GDP.PCAP.PP.CD,61683.6686,63781.77428,0.034013957
Namibia,NAM,"GDP per capita, PPP (current international $)",NY.GDP.PCAP.PP.CD,10173.91596,10063.64996,-0.010838108
New Caledonia,NCL,"GDP per capita, PPP (current international $)",NY.GDP.PCAP.PP.CD,,,
Niger,NER,"GDP per capita, PPP (current international $)",NY.GDP.PCAP.PP.CD,1230.221762,1278.698158,0.0394046
Nigeria,NGA,"GDP per capita, PPP (current international $)",NY.GDP.PCAP.PP.CD,5280.65226,5362.758417,0.015548488
Nicaragua,NIC,"GDP per capita, PPP (current international $)",NY.GDP.PCAP.PP.CD,5833.652948,5646.399468,-0.032098838
Netherlands,NLD,"GDP per capita, PPP (current international $)",NY.GDP.PCAP.PP.CD,57901.09701,59469.08369,0.027080431
Norway,NOR,"GDP per capita, PPP (current international $)",NY.GDP.PCAP.PP.CD,69258.55014,67978.72253,-0.018478984
Nepal,NPL,"GDP per capita, PPP (current international $)",NY.GDP.PCAP.PP.CD,3331.980217,3567.992939,0.07083257
Nauru,NRU,"GDP per capita, PPP (current international $)",NY.GDP.PCAP.PP.CD,11750.01169,12095.29702,0.029385956
New Zealand,NZL,"GDP per capita, PPP (current international $)",NY.GDP.PCAP.PP.CD,43039.71993,43810.87107,0.017917197
OECD members,OED,"GDP per capita, PPP (current international $)",NY.GDP.PCAP.PP.CD,45048.09208,46331.57805,0.028491461
Oman,OMN,"GDP per capita, PPP (current international $)",NY.GDP.PCAP.PP.CD,29289.60764,28507.47622,-0.026703376
Other small states,OSS,"GDP per capita, PPP (current international $)",NY.GDP.PCAP.PP.CD,23259.68307,23754.38924,0.021268827
Pakistan,PAK,"GDP per capita, PPP (current international $)",NY.GDP.PCAP.PP.CD,4855.229666,4898.05057,0.008819542
Panama,PAN,"GDP per capita, PPP (current international $)",NY.GDP.PCAP.PP.CD,31805.5379,32850.81935,0.032864763
Peru,PER,"GDP per capita, PPP (current international $)",NY.GDP.PCAP.PP.CD,13093.75526,13416.43663,0.024643913
Philippines,PHL,"GDP per capita, PPP (current international $)",NY.GDP.PCAP.PP.CD,8723.546609,9302.385298,0.066353596
Palau,PLW,"GDP per capita, PPP (current international $)",NY.GDP.PCAP.PP.CD,18912.53477,18357.39537,-0.029352988
Papua New Guinea,PNG,"GDP per capita, PPP (current international $)",NY.GDP.PCAP.PP.CD,4295.509078,4547.563765,0.058678653
Poland,POL,"GDP per capita, PPP (current international $)",NY.GDP.PCAP.PP.CD,31978.53115,34151.79281,0.067960021
Pre-demographic dividend,PRE,"GDP per capita, PPP (current international $)",NY.GDP.PCAP.PP.CD,3575.732752,3657.542454,0.022879143
Puerto Rico,PRI,"GDP per capita, PPP (current international $)",NY.GDP.PCAP.PP.CD,34947.17274,36045.1049,0.031416909
"Korea, Dem. People's Rep.",PRK,"GDP per capita, PPP (current international $)",NY.GDP.PCAP.PP.CD,,,
Portugal,PRT,"GDP per capita, PPP (current international $)",NY.GDP.PCAP.PP.CD,34931.7846,36760.12281,0.052340246
Paraguay,PRY,"GDP per capita, PPP (current international $)",NY.GDP.PCAP.PP.CD,13163.50253,13246.46176,0.006302216
West Bank and Gaza,PSE,"GDP per capita, PPP (current international $)",NY.GDP.PCAP.PP.CD,6472.121785,6495.209267,0.00356722
Pacific island small states,PSS,"GDP per capita, PPP (current international $)",NY.GDP.PCAP.PP.CD,7592.241132,7644.543026,0.006888861
Post-demographic dividend,PST,"GDP per capita, PPP (current international $)",NY.GDP.PCAP.PP.CD,49451.1314,51004.70862,0.031416414
French Polynesia,PYF,"GDP per capita, PPP (current international $)",NY.GDP.PCAP.PP.CD,,,
Qatar,QAT,"GDP per capita, PPP (current international $)",NY.GDP.PCAP.PP.CD,93186.26081,94028.59768,0.009039282
Romania,ROU,"GDP per capita, PPP (current international $)",NY.GDP.PCAP.PP.CD,29250.95126,32358.33486,0.106231882
Russian Federation,RUS,"GDP per capita, PPP (current international $)",NY.GDP.PCAP.PP.CD,28763.51663,29181.36322,0.014526965
Rwanda,RWA,"GDP per capita, PPP (current international $)",NY.GDP.PCAP.PP.CD,2139.636413,2325.407917,0.086823865
South Asia,SAS,"GDP per capita, PPP (current international $)",NY.GDP.PCAP.PP.CD,6195.761491,6499.957528,0.049097441
Saudi Arabia,SAU,"GDP per capita, PPP (current international $)",NY.GDP.PCAP.PP.CD,48756.19295,49040.34295,0.005827978
Sudan,SDN,"GDP per capita, PPP (current international $)",NY.GDP.PCAP.PP.CD,4258.775161,4122.526685,-0.031992409
Senegal,SEN,"GDP per capita, PPP (current international $)",NY.GDP.PCAP.PP.CD,3395.533931,3545.10034,0.04404798
Singapore,SGP,"GDP per capita, PPP (current international $)",NY.GDP.PCAP.PP.CD,100126.0236,101649.0749,0.015211343
Solomon Islands,SLB,"GDP per capita, PPP (current international $)",NY.GDP.PCAP.PP.CD,2765.502634,2780.637751,0.005472827
Sierra Leone,SLE,"GDP per capita, PPP (current international $)",NY.GDP.PCAP.PP.CD,1703.810228,1794.314803,0.053118929
El Salvador,SLV,"GDP per capita, PPP (current international $)",NY.GDP.PCAP.PP.CD,8825.451749,9164.346123,0.038399663
San Marino,SMR,"GDP per capita, PPP (current international $)",NY.GDP.PCAP.PP.CD,60886.48586,,
Somalia,SOM,"GDP per capita, PPP (current international $)",NY.GDP.PCAP.PP.CD,,,
Serbia,SRB,"GDP per capita, PPP (current international $)",NY.GDP.PCAP.PP.CD,17735.98592,18929.90742,0.067316331
Sub-Saharan Africa (excluding high income),SSA,"GDP per capita, PPP (current international $)",NY.GDP.PCAP.PP.CD,3824.652701,3901.596825,0.020117938
South Sudan,SSD,"GDP per capita, PPP (current international $)",NY.GDP.PCAP.PP.CD,,,
Sub-Saharan Africa,SSF,"GDP per capita, PPP (current international $)",NY.GDP.PCAP.PP.CD,3849.086623,3926.788815,0.020187177
Small states,SST,"GDP per capita, PPP (current international $)",NY.GDP.PCAP.PP.CD,21021.30173,21485.53529,0.022083959
Sao Tome and Principe,STP,"GDP per capita, PPP (current international $)",NY.GDP.PCAP.PP.CD,4090.632657,4145.227038,0.013346195
Suriname,SUR,"GDP per capita, PPP (current international $)",NY.GDP.PCAP.PP.CD,17039.68568,17256.02045,0.012695937
Slovak Republic,SVK,"GDP per capita, PPP (current international $)",NY.GDP.PCAP.PP.CD,31557.5327,32544.96091,0.031289779
Slovenia,SVN,"GDP per capita, PPP (current international $)",NY.GDP.PCAP.PP.CD,38915.64196,41193.84204,0.058542015
Sweden,SWE,"GDP per capita, PPP (current international $)",NY.GDP.PCAP.PP.CD,53553.31245,55027.36731,0.027524999
Eswatini,SWZ,"GDP per capita, PPP (current international $)",NY.GDP.PCAP.PP.CD,8728.79178,9003.364231,0.031455952
Sint Maarten (Dutch part),SXM,"GDP per capita, PPP (current international $)",NY.GDP.PCAP.PP.CD,36203.04099,,
Seychelles,SYC,"GDP per capita, PPP (current international $)",NY.GDP.PCAP.PP.CD,28678.77243,30516.67726,0.064085896
Syrian Arab Republic,SYR,"GDP per capita, PPP (current international $)",NY.GDP.PCAP.PP.CD,,,
Turks and Caicos Islands,TCA,"GDP per capita, PPP (current international $)",NY.GDP.PCAP.PP.CD,28848.42037,30547.91252,0.058911099
Chad,TCD,"GDP per capita, PPP (current international $)",NY.GDP.PCAP.PP.CD,1614.717823,1649.529172,0.021558782
East Asia & Pacific (IDA & IBRD countries),TEA,"GDP per capita, PPP (current international $)",NY.GDP.PCAP.PP.CD,14208.06884,15212.80184,0.070715662
Europe & Central Asia (IDA & IBRD countries),TEC,"GDP per capita, PPP (current international $)",NY.GDP.PCAP.PP.CD,23386.20795,24008.59183,0.026613288
Togo,TGO,"GDP per capita, PPP (current international $)",NY.GDP.PCAP.PP.CD,1590.686226,1667.300515,0.0481643
Thailand,THA,"GDP per capita, PPP (current international $)",NY.GDP.PCAP.PP.CD,18527.09538,19276.89633,0.040470507
Tajikistan,TJK,"GDP per capita, PPP (current international $)",NY.GDP.PCAP.PP.CD,3313.519458,3529.311126,0.065124612
Turkmenistan,TKM,"GDP per capita, PPP (current international $)",NY.GDP.PCAP.PP.CD,15206.96193,,
Latin America & the Caribbean (IDA & IBRD countries),TLA,"GDP per capita, PPP (current international $)",NY.GDP.PCAP.PP.CD,16489.37014,16839.74357,0.021248442
Timor-Leste,TLS,"GDP per capita, PPP (current international $)",NY.GDP.PCAP.PP.CD,3126.014207,3709.81127,0.18675445
Middle East & North Africa (IDA & IBRD countries),TMN,"GDP per capita, PPP (current international $)",NY.GDP.PCAP.PP.CD,11109.1352,11179.25758,0.006312137
Tonga,TON,"GDP per capita, PPP (current international $)",NY.GDP.PCAP.PP.CD,6572.705516,6665.749949,0.014156185
South Asia (IDA & IBRD),TSA,"GDP per capita, PPP (current international $)",NY.GDP.PCAP.PP.CD,6195.761491,6499.957528,0.049097441
Sub-Saharan Africa (IDA & IBRD countries),TSS,"GDP per capita, PPP (current international $)",NY.GDP.PCAP.PP.CD,3849.086623,3926.788815,0.020187177
Trinidad and Tobago,TTO,"GDP per capita, PPP (current international $)",NY.GDP.PCAP.PP.CD,26912.91695,27334.18398,0.015652968
Tunisia,TUN,"GDP per capita, PPP (current international $)",NY.GDP.PCAP.PP.CD,11025.99161,11231.57102,0.018644982
Turkey,TUR,"GDP per capita, PPP (current international $)",NY.GDP.PCAP.PP.CD,27949.86895,27318.42988,-0.022591844
Tuvalu,TUV,"GDP per capita, PPP (current international $)",NY.GDP.PCAP.PP.CD,4043.767757,4470.857688,0.10561683
Tanzania,TZA,"GDP per capita, PPP (current international $)",NY.GDP.PCAP.PP.CD,2651.091047,2770.681172,0.045109777
Uganda,UGA,"GDP per capita, PPP (current international $)",NY.GDP.PCAP.PP.CD,2173.958819,2284.265736,0.050740113
Ukraine,UKR,"GDP per capita, PPP (current international $)",NY.GDP.PCAP.PP.CD,12629.14166,13341.21052,0.056382997
Upper middle income,UMC,"GDP per capita, PPP (current international $)",NY.GDP.PCAP.PP.CD,16687.06412,17455.91345,0.046074572
Uruguay,URY,"GDP per capita, PPP (current international $)",NY.GDP.PCAP.PP.CD,22116.7866,22515.19359,0.018013783
United States,USA,"GDP per capita, PPP (current international $)",NY.GDP.PCAP.PP.CD,62996.47129,65297.51751,0.036526589
Uzbekistan,UZB,"GDP per capita, PPP (current international $)",NY.GDP.PCAP.PP.CD,6920.044618,7308.480745,0.056132026
St. Vincent and the Grenadines,VCT,"GDP per capita, PPP (current international $)",NY.GDP.PCAP.PP.CD,12770.09827,13037.68109,0.020953858
"Venezuela, RB",VEN,"GDP per capita, PPP (current international $)",NY.GDP.PCAP.PP.CD,,,
British Virgin Islands,VGB,"GDP per capita, PPP (current international $)",NY.GDP.PCAP.PP.CD,,,
Virgin Islands (U.S.),VIR,"GDP per capita, PPP (current international $)",NY.GDP.PCAP.PP.CD,,,
Vietnam,VNM,"GDP per capita, PPP (current international $)",NY.GDP.PCAP.PP.CD,7771.18942,8397.021042,0.080532283
Vanuatu,VUT,"GDP per capita, PPP (current international $)",NY.GDP.PCAP.PP.CD,3204.679541,3292.544065,0.027417569
World,WLD,"GDP per capita, PPP (current international $)",NY.GDP.PCAP.PP.CD,17038.92042,17633.47488,0.034893904
Samoa,WSM,"GDP per capita, PPP (current international $)",NY.GDP.PCAP.PP.CD,6474.2538,6795.684073,0.049647463
Kosovo,XKX,"GDP per capita, PPP (current international $)",NY.GDP.PCAP.PP.CD,11160.69533,11906.43231,0.066818147
"Yemen, Rep.",YEM,"GDP per capita, PPP (current international $)",NY.GDP.PCAP.PP.CD,,,
South Africa,ZAF,"GDP per capita, PPP (current international $)",NY.GDP.PCAP.PP.CD,12935.54516,13034.16533,0.007623967
Zambia,ZMB,"GDP per capita, PPP (current international $)",NY.GDP.PCAP.PP.CD,3607.304442,3624.024939,0.004635178
Zimbabwe,ZWE,"GDP per capita, PPP (current international $)",NY.GDP.PCAP.PP.CD,3206.277079,2961.446428,-0.076359792
,,,,,,
,,,,,,
,,,,,,
,,,,,,
